workload,operation,paragraphs,utf16_length,native_bytes,median_ms,p95_ms,median_allocated_bytes,median_retained_undo_bytes,budget_ms,within_latency_budget
paragraphs-100,first-viewport,100,9706,127973,36.2150,53.4696,3197464,,250,True
paragraphs-100,type-start-document,100,9706,127973,4.3699,6.4422,96344,,16,True
paragraphs-100,delete-start-document,100,9706,127973,4.0205,5.8095,94864,,16,True
paragraphs-100,type-middle-document,100,9706,127973,3.4599,5.1548,112832,,16,True
paragraphs-100,delete-middle-document,100,9706,127973,3.3049,6.1732,106920,,16,True
paragraphs-100,type-end-document,100,9706,127973,3.0380,12.2177,100048,,16,True
paragraphs-100,delete-end-document,100,9706,127973,2.8897,6.8145,90480,,16,True
paragraphs-100,caret-document,100,9706,127973,2.4169,6.4230,26872,,16,True
paragraphs-100,text-update-document,100,9706,127973,3.9547,13.1283,468368,,100,True
paragraphs-100,scroll,100,9706,127973,4.4409,20.3322,329920,,16,False
paragraphs-100,resize,100,9706,127973,7.4928,16.4875,568328,,100,True
paragraphs-100,replace-all,100,9706,127973,3.0482,17.6212,186312,,2000,True
paragraphs-100,native-save,100,9706,127973,0.5598,1.1075,551352,,2000,True
paragraphs-100,native-load,100,9706,127973,1.7459,8.0051,1088192,,2000,True
paragraphs-100,history-100,100,9706,127973,23.1001,30.4181,2179184,205384,,
paragraphs-1000,first-viewport,1000,97069,1279136,16.2022,30.8572,4148040,,250,True
paragraphs-1000,type-start-document,1000,97069,1279136,3.0221,10.9040,99344,,16,True
paragraphs-1000,delete-start-document,1000,97069,1279136,2.7472,10.2878,97504,,16,True
paragraphs-1000,type-middle-document,1000,97069,1279136,2.8971,10.4799,115448,,16,True
paragraphs-1000,delete-middle-document,1000,97069,1279136,3.1398,10.6868,111968,,16,True
paragraphs-1000,type-end-document,1000,97069,1279136,3.1867,14.2030,102120,,16,True
paragraphs-1000,delete-end-document,1000,97069,1279136,3.6196,4.6996,95912,,16,True
paragraphs-1000,caret-document,1000,97069,1279136,2.6567,3.8876,26448,,16,True
paragraphs-1000,text-update-document,1000,97069,1279136,5.9460,31.2075,2692200,,100,True
paragraphs-1000,scroll,1000,97069,1279136,4.1702,25.7436,322976,,16,False
paragraphs-1000,resize,1000,97069,1279136,7.4064,32.9127,573104,,100,True
paragraphs-1000,replace-all,1000,97069,1279136,4.2126,33.8646,1212384,,2000,True
paragraphs-1000,native-save,1000,97069,1279136,3.6458,19.5140,5498448,,2000,True
paragraphs-1000,native-load,1000,97069,1279136,14.3196,34.4742,11441240,,2000,True
paragraphs-1000,history-100,1000,97069,1279136,143.2836,172.5500,3084784,256992,,
paragraphs-10000,first-viewport,10000,970699,12790766,56.6576,129.3151,20773232,,250,True
paragraphs-10000,type-start-document,10000,970699,12790766,3.8910,4.2404,104824,,16,True
paragraphs-10000,delete-start-document,10000,970699,12790766,3.8367,4.5966,103248,,16,True
paragraphs-10000,type-middle-document,10000,970699,12790766,3.4858,4.6949,118304,,16,True
paragraphs-10000,delete-middle-document,10000,970699,12790766,3.3401,4.4364,115088,,16,True
paragraphs-10000,type-end-document,10000,970699,12790766,2.8991,4.4879,110488,,16,True
paragraphs-10000,delete-end-document,10000,970699,12790766,3.0312,3.8896,104280,,16,True
paragraphs-10000,caret-document,10000,970699,12790766,2.4309,3.6976,26448,,16,True
paragraphs-10000,text-update-document,10000,970699,12790766,84.3730,184.3587,25817520,,100,False
paragraphs-10000,scroll,10000,970699,12790766,5.0746,6.7263,324896,,16,True
paragraphs-10000,resize,10000,970699,12790766,8.3051,12.7696,580112,,100,True
paragraphs-10000,replace-all,10000,970699,12790766,35.5705,82.2977,11700896,,2000,True
paragraphs-10000,native-save,10000,970699,12790766,48.1225,176.3743,54809280,,2000,True
paragraphs-10000,native-load,10000,970699,12790766,125.8757,298.0608,130002464,,2000,True
paragraphs-10000,history-100,10000,970699,12790766,374.4232,438.3017,3239176,308216,,
long-paragraph,first-viewport,1,90000,211234,12.9802,79.7399,3871912,,250,True
long-paragraph,type-start-document,1,90000,211234,5.6151,64.2328,674232,,16,False
long-paragraph,delete-start-document,1,90000,211234,5.9594,67.8161,673176,,16,False
long-paragraph,type-middle-document,1,90000,211234,5.5145,44.5260,825464,,16,False
long-paragraph,delete-middle-document,1,90000,211234,5.4007,120.0189,825320,,16,False
long-paragraph,type-end-document,1,90000,211234,8.2853,127.7017,1111464,,16,False
long-paragraph,delete-end-document,1,90000,211234,8.1936,12.7132,1110456,,16,True
long-paragraph,caret-document,1,90000,211234,2.7294,4.0006,66184,,16,True
long-paragraph,text-update-document,1,90000,211234,7.3998,10.7751,2292040,,100,True
long-paragraph,scroll,1,90000,211234,7.6252,42.6596,1497272,,16,False
long-paragraph,resize,1,90000,211234,13.0114,69.2065,2316000,,100,True
long-paragraph,replace-all,1,90000,211234,69.1193,167.8285,21473656,,2000,True
long-paragraph,native-save,1,90000,211234,0.3826,0.9086,2107200,,2000,True
long-paragraph,native-load,1,90000,211234,1.3617,23.1117,3179680,,2000,True
long-paragraph,history-100,1,90000,211234,42.9048,54.8267,1240960,124384,,
table-heavy,first-viewport,1001,20003,1869466,28.7932,54.5064,7846120,,250,True
table-heavy,type-start-document,1001,20003,1869466,3.6643,5.2127,533216,,16,True
table-heavy,delete-start-document,1001,20003,1869466,3.8034,44.3809,531808,,16,False
table-heavy,type-middle-document,1001,20003,1869466,6.4202,67.3376,910040,,16,False
table-heavy,delete-middle-document,1001,20003,1869466,6.3796,28.3147,908344,,16,False
table-heavy,type-end-document,1001,20003,1869466,6.0799,58.8917,584776,,16,False
table-heavy,delete-end-document,1001,20003,1869466,6.0571,19.4407,583576,,16,False
table-heavy,caret-document,1001,20003,1869466,5.3750,7.0683,448856,,16,True
table-heavy,text-update-document,1001,20003,1869466,4.5359,154.5627,2185480,,100,False
table-heavy,scroll,1001,20003,1869466,5.5510,83.8569,1335904,,16,False
table-heavy,resize,1001,20003,1869466,15.0900,304.3540,4601032,,100,False
table-heavy,replace-all,1001,20003,1869466,153.0958,403.2016,18848960,,2000,True
table-heavy,native-save,1001,20003,1869466,4.5362,205.9614,8173472,,2000,True
table-heavy,native-load,1001,20003,1869466,9.9457,187.3113,18161056,,2000,True
table-heavy,history-100,1001,20003,1869466,723.9783,831.7284,2244776,299448,,
run-heavy,first-viewport,100,110099,4555166,15.3643,178.4687,7980616,,250,True
run-heavy,type-start-document,100,110099,4555166,3.9317,5.7587,331240,,16,True
run-heavy,delete-start-document,100,110099,4555166,4.3291,6.2907,314008,,16,True
run-heavy,type-middle-document,100,110099,4555166,3.8935,6.4565,346816,,16,True
run-heavy,delete-middle-document,100,110099,4555166,4.3655,6.6994,346408,,16,True
run-heavy,type-end-document,100,110099,4555166,3.7219,18.9476,315976,,16,False
run-heavy,delete-end-document,100,110099,4555166,3.7625,5.3253,314880,,16,True
run-heavy,caret-document,100,110099,4555166,2.9088,3.9506,53744,,16,True
run-heavy,text-update-document,100,110099,4555166,5.5884,7.7791,1008104,,100,True
run-heavy,scroll,100,110099,4555166,5.8838,143.8628,774592,,16,False
run-heavy,resize,100,110099,4555166,11.6202,260.5268,1365608,,100,False
run-heavy,replace-all,100,110099,4555166,12.0671,260.2584,9273784,,2000,True
run-heavy,native-save,100,110099,4555166,16.8231,217.3120,18497728,,2000,True
run-heavy,native-load,100,110099,4555166,65.3052,261.9620,41349896,,2000,True
run-heavy,history-100,100,110099,4555166,130.4370,169.0510,9448752,927528,,
