Workload,Operation,BudgetMilliseconds,MedianMilliseconds,P95Milliseconds,P95AllocatedBytes,WithinLatencyBudget
paragraphs-10000,caret,16,3.9141,4.5678,73768,True
paragraphs-10000,viewport-transition,16,3.3979,4.8443,49272,True
paragraphs-10000,width-resize,100,61.0116,68.5246,9947296,True
paragraphs-10000,stationary-edge-autoscroll-mixed-clock-stress,16,4.1296,9.3393,270264,True
paragraphs-10000,stationary-edge-autoscroll-manual-clock,16,3.5057,4.6144,75656,True
long-paragraph,caret,16,3.025,4.7582,102288,True
long-paragraph,viewport-transition,16,4.6811,5.6786,78712,True
long-paragraph,width-resize,100,37.8253,62.5551,4972872,True
long-paragraph,stationary-edge-autoscroll-mixed-clock-stress,16,5.1207,13.8925,322800,True
long-paragraph,stationary-edge-autoscroll-manual-clock,16,3.4569,4.6222,159264,True
table-heavy,caret,16,3.1019,4.4086,142400,True
table-heavy,viewport-transition,16,4.6053,11.1211,286400,True
table-heavy,width-resize,100,44.5114,62.9713,6580872,True
table-heavy,table-resize-preview,100,6.264,50.3658,2815192,True
table-heavy,stationary-edge-autoscroll-mixed-clock-stress,16,4.7054,20.1443,1397264,False
table-heavy,stationary-edge-autoscroll-manual-clock,16,4.2617,6.9262,648560,True
